ID,Name,Sex,Age,Height,Weight,Team,NOC,Year,Season,City,Sport,Event,Medal
925,Adenzia Aparecida Ferreira da Silva,F,25,187,65,Brazil,BRA,2012,Summer,London,Volleyball,Volleyball Women's Volleyball,Gold
980,"Rebecca ""Becky"" Adlington",F,19,179,70,Great Britain,GBR,2008,Summer,Beijing,Swimming,Swimming Women's 400 metres Freestyle,Gold
980,"Rebecca ""Becky"" Adlington",F,19,179,70,Great Britain,GBR,2008,Summer,Beijing,Swimming,Swimming Women's 800 metres Freestyle,Gold
1682,Morolake Akinosun,F,22,163,61,United States,USA,2016,Summer,Rio de Janeiro,Athletics,Athletics Women's 4 x 100 metres Relay,Gold
2762,Margarita Sergeyevna Aliychuk,F,17,174,48,Russia,RUS,2008,Summer,Beijing,Rhythmic Gymnastics,Rhythmic Gymnastics Women's Group,Gold
3792,Alyssa Jean Anderson,F,21,173,64,United States,USA,2012,Summer,London,Swimming,Swimming Women's 4 x 200 metres Freestyle Relay,Gold
4928,Katie Louise Archibald,F,22,178,70,Great Britain,GBR,2016,Summer,Rio de Janeiro,Cycling,Cycling Women's Team Pursuit,Gold
5934,Sandra Auffarth,F,25,170,57,Germany,GER,2012,Summer,London,Equestrianism,"Equestrianism Mixed Three-Day Event, Team",Gold
6204,Almaz Ayana Eba,F,24,166,47,Ethiopia,ETH,2016,Summer,Rio de Janeiro,Athletics,"Athletics Women's 10,000 metres",Gold
6278,Sarah Lianne Ayton (-Dempsey),F,24,167,63,Great Britain,GBR,2004,Summer,Athina,Sailing,Sailing Women's Three Person Keelboat,Gold
6296,"Viktoriya Fyodorovna ""Vika"" Azarenko",F,22,183,60,Belarus,BLR,2012,Summer,London,Tennis,Tennis Mixed Doubles,Gold
6880,Aleen May Bailey,F,23,170,64,Jamaica,JAM,2004,Summer,Athina,Athletics,Athletics Women's 4 x 100 metres Relay,Gold
6934,Angie Lee Bainbridge,F,18,181,67,Australia,AUS,2008,Summer,Beijing,Swimming,Swimming Women's 4 x 200 metres Freestyle Relay,Gold
7020,Kathleen Baker,F,19,173,68,United States,USA,2016,Summer,Rio de Janeiro,Swimming,Swimming Women's 4 x 100 metres Medley Relay,Gold
7021,Keshia Chantay Baker (-Kirtz),F,24,170,62,United States,USA,2012,Summer,London,Athletics,Athletics Women's 4 x 400 metres Relay,Gold
7444,Oana Mihaela Ban,F,18,139,36,Romania,ROU,2004,Summer,Athina,Gymnastics,Gymnastics Women's Team All-Around,Gold
7884,Elinor Jane Barker,F,21,168,56,Great Britain,GBR,2016,Summer,Rio de Janeiro,Cycling,Cycling Women's Team Pursuit,Gold
8051,Bronte Amelia Arnold Barratt,F,19,171,59,Australia,AUS,2008,Summer,Beijing,Swimming,Swimming Women's 4 x 200 metres Freestyle Relay,Gold
9034,Amanda Ray Beard (-Brown),F,22,173,59,United States,USA,2004,Summer,Athina,Swimming,Swimming Women's 200 metres Breaststroke,Gold
9750,Mireia Belmonte Garca,F,25,170,59,Spain,ESP,2016,Summer,Rio de Janeiro,Swimming,Swimming Women's 200 metres Butterfly,Gold
9811,Olesya Vladimirovna Belugina,F,20,175,53,Russia,RUS,2004,Summer,Athina,Rhythmic Gymnastics,Rhythmic Gymnastics Women's Group,Gold
11495,Simone Arianne Biles,F,19,143,47,United States,USA,2016,Summer,Rio de Janeiro,Gymnastics,Gymnastics Women's Individual All-Around,Gold
11495,Simone Arianne Biles,F,19,143,47,United States,USA,2016,Summer,Rio de Janeiro,Gymnastics,Gymnastics Women's Team All-Around,Gold
11495,Simone Arianne Biles,F,19,143,47,United States,USA,2016,Summer,Rio de Janeiro,Gymnastics,Gymnastics Women's Floor Exercise,Gold
11495,Simone Arianne Biles,F,19,143,47,United States,USA,2016,Summer,Rio de Janeiro,Gymnastics,Gymnastics Women's Horse Vault,Gold
11671,"Suzanne Brigit ""Sue"" Bird",F,23,175,66,United States,USA,2004,Summer,Athina,Basketball,Basketball Women's Basketball,Gold
11739,Vera Leonidovna Biryukova,F,18,168,47,Russia,RUS,2016,Summer,Rio de Janeiro,Rhythmic Gymnastics,Rhythmic Gymnastics Women's Group,Gold
12291,Anastasiya Ilyinichna Bliznyuk,F,18,173,51,Russia,RUS,2012,Summer,London,Rhythmic Gymnastics,Rhythmic Gymnastics Women's Group,Gold
12291,Anastasiya Ilyinichna Bliznyuk,F,22,173,51,Russia,RUS,2016,Summer,Rio de Janeiro,Rhythmic Gymnastics,Rhythmic Gymnastics Women's Group,Gold
12399,Pernille Blume,F,22,170,58,Denmark,DEN,2016,Summer,Rio de Janeiro,Swimming,Swimming Women's 50 metres Freestyle,Gold
13227,Yvonne Bnisch,F,23,168,61,Germany,GER,2004,Summer,Athina,Judo,Judo Women's Lightweight,Gold
13369,Rachel Kristine Bootsma,F,18,173,66,United States,USA,2012,Summer,London,Swimming,Swimming Women's 4 x 100 metres Medley Relay,Gold
13801,Silvia Bosurgi,F,25,164,59,Italy,ITA,2004,Summer,Athina,Water Polo,Water Polo Women's Water Polo,Gold
14266,"Frentorish ""Tori"" Bowie",F,25,175,58,United States,USA,2016,Summer,Rio de Janeiro,Athletics,Athletics Women's 4 x 100 metres Relay,Gold
14972,Julie Bresset,F,23,167,53,France,FRA,2012,Summer,London,Cycling,"Cycling Women's Mountainbike, Cross-Country",Gold
15847,Olga Aleksandrovna Brusnikina,F,25,169,55,Russia,RUS,2004,Summer,Athina,Synchronized Swimming,Synchronized Swimming Women's Team,Gold
16173,Rachel Marie Buehler (-Van Hollebeke),F,22,165,65,United States,USA,2008,Summer,Beijing,Football,Football Women's Football,Gold
17156,"Frederike Jacobie ""Mieke"" Cabout",F,22,182,70,Netherlands,NED,2008,Summer,Beijing,Water Polo,Water Polo Women's Water Polo,Gold
17684,Bronte Campbell,F,22,179,58,Australia,AUS,2016,Summer,Rio de Janeiro,Swimming,Swimming Women's 4 x 100 metres Freestyle Relay,Gold
17687,Cate Natalie Campbell,F,20,186,67,Australia,AUS,2012,Summer,London,Swimming,Swimming Women's 4 x 100 metres Freestyle Relay,Gold
17687,Cate Natalie Campbell,F,24,186,67,Australia,AUS,2016,Summer,Rio de Janeiro,Swimming,Swimming Women's 4 x 100 metres Freestyle Relay,Gold
17755,Veronica Angella Campbell-Brown,F,22,168,58,Jamaica,JAM,2004,Summer,Athina,Athletics,Athletics Women's 200 metres,Gold
17755,Veronica Angella Campbell-Brown,F,22,168,58,Jamaica,JAM,2004,Summer,Athina,Athletics,Athletics Women's 4 x 100 metres Relay,Gold
18550,Sara Maree Carrigan,F,23,168,60,Australia,AUS,2004,Summer,Athina,Cycling,"Cycling Women's Road Race, Individual",Gold
18563,Lisa Carrington,F,23,168,63,New Zealand,NZL,2012,Summer,London,Canoeing,"Canoeing Women's Kayak Singles, 200 metres",Gold
18827,Charlotte Caslick,F,21,172,65,Australia,AUS,2016,Summer,Rio de Janeiro,Rugby Sevens,Rugby Sevens Women's Rugby Sevens,Gold
19611,Lori Christine Chalupny,F,24,163,61,United States,USA,2008,Summer,Beijing,Football,Football Women's Football,Gold
20258,Chen Ruolin,F,15,160,47,China,CHN,2008,Summer,Beijing,Diving,Diving Women's Platform,Gold
20258,Chen Ruolin,F,15,160,47,China,CHN,2008,Summer,Beijing,Diving,Diving Women's Synchronized Platform,Gold
20258,Chen Ruolin,F,19,160,47,China,CHN,2012,Summer,London,Diving,Diving Women's Platform,Gold
20258,Chen Ruolin,F,19,160,47,China,CHN,2012,Summer,London,Diving,Diving Women's Synchronized Platform,Gold
20258,Chen Ruolin,F,23,160,47,China,CHN,2016,Summer,Rio de Janeiro,Diving,Diving Women's Synchronized Platform,Gold
20263,Chen Shih-Hsien,F,25,166,46,Chinese Taipei,TPE,2004,Summer,Athina,Taekwondo,Taekwondo Women's Flyweight,Gold
20295,Chen Xiexia,F,25,152,49,China,CHN,2008,Summer,Beijing,Weightlifting,Weightlifting Women's Flyweight,Gold
20310,Chen Yanqing,F,25,158,58,China,CHN,2004,Summer,Athina,Weightlifting,Weightlifting Women's Lightweight,Gold
20351,Lauren Nicole Cheney (-Holiday),F,20,173,70,United States,USA,2008,Summer,Beijing,Football,Football Women's Football,Gold
20351,Lauren Nicole Cheney (-Holiday),F,24,173,70,United States,USA,2012,Summer,London,Football,Football Women's Football,Gold
20362,Cheng Fei,F,20,152,43,China,CHN,2008,Summer,Beijing,Gymnastics,Gymnastics Women's Team All-Around,Gold
20458,Yuliya Igorevna Chermoshanskaya,F,22,174,66,Russia,RUS,2008,Summer,Beijing,Athletics,Athletics Women's 4 x 100 metres Relay,Gold
20515,Emilee Cherry,F,23,168,70,Australia,AUS,2016,Summer,Rio de Janeiro,Rugby Sevens,Rugby Sevens Women's Rugby Sevens,Gold
20707,Vlada Aleksandrovna Chigiryova,F,21,162,46,Russia,RUS,2016,Summer,Rio de Janeiro,Synchronized Swimming,Synchronized Swimming Women's Team,Gold
20796,Zulfiya Salakharovna Chinshanlo,F,19,155,53,Kazakhstan,KAZ,2012,Summer,London,Weightlifting,Weightlifting Women's Featherweight,Gold
21042,Choi Mi-Sun,F,20,168,53,South Korea,KOR,2016,Summer,Rio de Janeiro,Archery,Archery Women's Team,Gold
22889,Nicole Denise Cooke,F,25,167,58,Great Britain,GBR,2008,Summer,Beijing,Cycling,"Cycling Women's Road Race, Individual",Gold
22973,"Katherine Sarah ""Kat"" Copeland",F,21,172,58,Great Britain,GBR,2012,Summer,London,Rowing,Rowing Women's Lightweight Double Sculls,Gold
23426,Natalie Anne Coughlin (-Hall),F,21,173,63,United States,USA,2004,Summer,Athina,Swimming,Swimming Women's 4 x 200 metres Freestyle Relay,Gold
23426,Natalie Anne Coughlin (-Hall),F,21,173,63,United States,USA,2004,Summer,Athina,Swimming,Swimming Women's 100 metres Backstroke,Gold
23426,Natalie Anne Coughlin (-Hall),F,25,173,63,United States,USA,2008,Summer,Beijing,Swimming,Swimming Women's 100 metres Backstroke,Gold
23519,Alicia Jayne Coutts,F,24,176,69,Australia,AUS,2012,Summer,London,Swimming,Swimming Women's 4 x 100 metres Freestyle Relay,Gold
23549,Kirsty Leigh Coventry (-Seward),F,20,176,64,Zimbabwe,ZIM,2004,Summer,Athina,Swimming,Swimming Women's 200 metres Backstroke,Gold
23549,Kirsty Leigh Coventry (-Seward),F,24,176,64,Zimbabwe,ZIM,2008,Summer,Beijing,Swimming,Swimming Women's 200 metres Backstroke,Gold
23599,Stephanie Renee Cox (Lopez-),F,22,168,61,United States,USA,2008,Summer,Beijing,Football,Football Women's Football,Gold
24768,Sara Ilonka Dbritz,F,21,171,59,Germany,GER,2016,Summer,Rio de Janeiro,Football,Football Women's Football,Gold
25543,Lara Shiree Davenport,F,24,174,63,Australia,AUS,2008,Summer,Beijing,Swimming,Swimming Women's 4 x 200 metres Freestyle Relay,Gold
25762,Anastasiya Semyonovna Davydova,F,21,170,54,Russia,RUS,2004,Summer,Athina,Synchronized Swimming,Synchronized Swimming Women's Duet,Gold
25762,Anastasiya Semyonovna Davydova,F,21,170,54,Russia,RUS,2004,Summer,Athina,Synchronized Swimming,Synchronized Swimming Women's Team,Gold
25762,Anastasiya Semyonovna Davydova,F,25,170,54,Russia,RUS,2008,Summer,Beijing,Synchronized Swimming,Synchronized Swimming Women's Duet,Gold
25762,Anastasiya Semyonovna Davydova,F,25,170,54,Russia,RUS,2008,Summer,Beijing,Synchronized Swimming,Synchronized Swimming Women's Team,Gold
25933,Merel Manon de Blaey,F,25,172,65,Netherlands,NED,2012,Summer,London,Hockey,Hockey Women's Hockey,Gold
26125,Eva Roma Maria de Goede,F,19,170,61,Netherlands,NED,2008,Summer,Beijing,Hockey,Hockey Women's Hockey,Gold
26125,Eva Roma Maria de Goede,F,23,170,61,Netherlands,NED,2012,Summer,London,Hockey,Hockey Women's Hockey,Gold
26980,Meseret Defar Tola,F,20,159,42,Ethiopia,ETH,2004,Summer,Athina,Athletics,"Athletics Women's 5,000 metres",Gold
27081,Inge Dekker,F,22,183,67,Netherlands,NED,2008,Summer,Beijing,Swimming,Swimming Women's 4 x 100 metres Freestyle Relay,Gold
27569,Deng Linlin,F,16,144,34,China,CHN,2008,Summer,Beijing,Gymnastics,Gymnastics Women's Team All-Around,Gold
27569,Deng Linlin,F,20,144,34,China,CHN,2012,Summer,London,Gymnastics,Gymnastics Women's Balance Beam,Gold
27574,Deng Wei,F,23,159,63,China,CHN,2016,Summer,Rio de Janeiro,Weightlifting,Weightlifting Women's Middleweight,Gold
28086,Tania Di Mario,F,25,168,62,Italy,ITA,2004,Summer,Athina,Water Polo,Water Polo Women's Water Polo,Gold
28313,Tirunesh Dibaba Keneni,F,23,166,50,Ethiopia,ETH,2008,Summer,Beijing,Athletics,"Athletics Women's 5,000 metres",Gold
28313,Tirunesh Dibaba Keneni,F,23,166,50,Ethiopia,ETH,2008,Summer,Beijing,Athletics,"Athletics Women's 10,000 metres",Gold
28483,Tina Dietze,F,24,172,68,Germany,GER,2012,Summer,London,Canoeing,"Canoeing Women's Kayak Doubles, 500 metres",Gold
28518,Wieke Elisabeth Henritte Dijkstra,F,24,162,57,Netherlands,NED,2008,Summer,Beijing,Hockey,Hockey Women's Hockey,Gold
28662,Ding Ning,F,22,171,63,China,CHN,2012,Summer,London,Table Tennis,Table Tennis Women's Team,Gold
28734,"Madeline Jane ""Maya"" DiRado",F,23,175,65,United States,USA,2016,Summer,Rio de Janeiro,Swimming,Swimming Women's 4 x 200 metres Freestyle Relay,Gold
28734,"Madeline Jane ""Maya"" DiRado",F,23,175,65,United States,USA,2016,Summer,Rio de Janeiro,Swimming,Swimming Women's 200 metres Backstroke,Gold
28741,Carlien Clemens Dirkse van den Heuvel,F,25,170,56,Netherlands,NED,2012,Summer,London,Hockey,Hockey Women's Hockey,Gold
28820,Diamond Brittany Dixon,F,20,168,51,United States,USA,2012,Summer,London,Athletics,Athletics Women's 4 x 400 metres Relay,Gold
29317,Claire Christine Donahue,F,23,170,63,United States,USA,2012,Summer,London,Swimming,Swimming Women's 4 x 100 metres Medley Relay,Gold
29434,Ulyana Vyacheslavovna Donskova,F,19,176,57,Russia,RUS,2012,Summer,London,Rhythmic Gymnastics,Rhythmic Gymnastics Women's Group,Gold
29618,Sara Dosho,F,21,159,69,Japan,JPN,2016,Summer,Rio de Janeiro,Wrestling,"Wrestling Women's Light-Heavyweight, Freestyle",Gold
29663,Natasa Douchev-Janics,F,22,174,68,Hungary,HUN,2004,Summer,Athina,Canoeing,"Canoeing Women's Kayak Singles, 500 metres",Gold
29663,Natasa Douchev-Janics,F,22,174,68,Hungary,HUN,2004,Summer,Athina,Canoeing,"Canoeing Women's Kayak Doubles, 500 metres",Gold
29686,"Gabrielle Christina Victoria ""Gabby"" Douglas",F,16,157,50,United States,USA,2012,Summer,London,Gymnastics,Gymnastics Women's Individual All-Around,Gold
29686,"Gabrielle Christina Victoria ""Gabby"" Douglas",F,16,157,50,United States,USA,2012,Summer,London,Gymnastics,Gymnastics Women's Team All-Around,Gold
29686,"Gabrielle Christina Victoria ""Gabby"" Douglas",F,20,157,50,United States,USA,2016,Summer,Rio de Janeiro,Gymnastics,Gymnastics Women's Team All-Around,Gold
30178,Du Jing,F,24,170,70,China-1,CHN,2008,Summer,Beijing,Badminton,Badminton Women's Doubles,Gold
30180,Du Li,F,22,170,55,China,CHN,2004,Summer,Athina,Shooting,"Shooting Women's Air Rifle, 10 metres",Gold
30394,Kseniya Pavlovna Dudkina,F,17,173,49,Russia,RUS,2012,Summer,London,Rhythmic Gymnastics,Rhythmic Gymnastics Women's Group,Gold
30576,Alina Alexandra Dumitru (-Croitoru),F,25,158,48,Romania,ROU,2008,Summer,Beijing,Judo,Judo Women's Extra-Lightweight,Gold
32382,Taylor Ellis-Watson,F,23,183,65,United States,USA,2016,Summer,Rio de Janeiro,Athletics,Athletics Women's 4 x 400 metres Relay,Gold
32860,Alexandra Georgiana Maria Eremia,F,17,149,38,Romania,ROU,2004,Summer,Athina,Gymnastics,Gymnastics Women's Team All-Around,Gold
33057,Arianna Errigo,F,24,180,68,Italy,ITA,2012,Summer,London,Fencing,"Fencing Women's Foil, Team",Gold
33238,Mara del Rosario Espinoza Espinoza,F,20,173,70,Mexico,MEX,2008,Summer,Beijing,Taekwondo,Taekwondo Women's Heavyweight,Gold
33241,Chloe Esposito,F,24,168,55,Australia,AUS,2016,Summer,Rio de Janeiro,Modern Pentathlon,Modern Pentathlon Women's Individual,Gold
34233,Rachel Fattal,F,22,173,65,United States,USA,2016,Summer,Rio de Janeiro,Water Polo,Water Polo Women's Water Polo,Gold
34410,Aleksandra Andreyevna Fedoriva,F,19,176,60,Russia,RUS,2008,Summer,Beijing,Athletics,Athletics Women's 4 x 100 metres Relay,Gold
34551,Allyson Michelle Felix,F,22,168,56,United States,USA,2008,Summer,Beijing,Athletics,Athletics Women's 4 x 400 metres Relay,Gold
35507,Fanny Fischer,F,21,175,63,Germany,GER,2008,Summer,Beijing,Canoeing,"Canoeing Women's Kayak Fours, 500 metres",Gold
36870,Shelly-Ann Fraser-Pryce,F,21,160,57,Jamaica,JAM,2008,Summer,Beijing,Athletics,Athletics Women's 100 metres,Gold
36870,Shelly-Ann Fraser-Pryce,F,25,160,57,Jamaica,JAM,2012,Summer,London,Athletics,Athletics Women's 100 metres,Gold
36969,Amanda Louise Freed,F,24,172,62,United States,USA,2004,Summer,Athina,Softball,Softball Women's Softball,Gold
38195,Felicity Madeline Galvez,F,23,167,58,Australia,AUS,2008,Summer,Beijing,Swimming,Swimming Women's 4 x 200 metres Freestyle Relay,Gold
38195,Felicity Madeline Galvez,F,23,167,58,Australia,AUS,2008,Summer,Beijing,Swimming,Swimming Women's 4 x 100 metres Medley Relay,Gold
38414,Gao Ling,F,25,169,61,China-2,CHN,2004,Summer,Athina,Badminton,Badminton Mixed Doubles,Gold
38761,English Gardner,F,24,168,55,United States,USA,2016,Summer,Rio de Janeiro,Athletics,Athletics Women's 4 x 100 metres Relay,Gold
39155,Anna Vitalyevna Gavrilenko,F,18,174,55,Russia,RUS,2008,Summer,Beijing,Rhythmic Gymnastics,Rhythmic Gymnastics Women's Group,Gold
39396,Erba Tiki Gelana,F,24,165,48,Ethiopia,ETH,2012,Summer,London,Athletics,Athletics Women's Marathon,Gold
40719,Olga Vyacheslavovna Glatskikh,F,15,170,50,Russia,RUS,2004,Summer,Athina,Rhythmic Gymnastics,Rhythmic Gymnastics Women's Group,Gold
40954,Maartje Goderie,F,24,158,50,Netherlands,NED,2008,Summer,Beijing,Hockey,Hockey Women's Hockey,Gold
41776,Tatyana Igorevna Gorbunova,F,18,176,63,Russia,RUS,2008,Summer,Beijing,Rhythmic Gymnastics,Rhythmic Gymnastics Women's Group,Gold
42228,Martine Soffiatti Grael,F,25,168,62,Brazil,BRA,2016,Summer,Rio de Janeiro,Sailing,Sailing Women's Skiff,Gold
43102,Mariya Igorevna Gromova,F,20,172,61,Russia,RUS,2004,Summer,Athina,Synchronized Swimming,Synchronized Swimming Women's Team,Gold
43102,Mariya Igorevna Gromova,F,24,172,61,Russia,RUS,2008,Summer,Beijing,Synchronized Swimming,Synchronized Swimming Women's Team,Gold
43676,Rianne Dorian Guichelaar,F,24,174,63,Netherlands,NED,2008,Summer,Beijing,Water Polo,Water Polo Women's Water Polo,Gold
43965,Guo Jingjing,F,22,163,49,China,CHN,2004,Summer,Athina,Diving,Diving Women's Springboard,Gold
43965,Guo Jingjing,F,22,163,49,China,CHN,2004,Summer,Athina,Diving,Diving Women's Synchronized Springboard,Gold
43981,Guo Wenjun,F,24,168,60,China,CHN,2008,Summer,Beijing,Shooting,"Shooting Women's Air Pistol, 10 metres",Gold
43986,Guo Yue,F,20,165,54,China,CHN,2008,Summer,Beijing,Table Tennis,Table Tennis Women's Team,Gold
43986,Guo Yue,F,24,165,54,China,CHN,2012,Summer,London,Table Tennis,Table Tennis Women's Team,Gold
44061,Yuliya Aleksandrovna Gushchina,F,25,174,61,Russia,RUS,2008,Summer,Beijing,Athletics,Athletics Women's 4 x 100 metres Relay,Gold
44487,Mandy Haase,F,22,164,58,Germany,GER,2004,Summer,Athina,Hockey,Hockey Women's Hockey,Gold
44896,Biurakn Hakhverdian,F,22,172,65,Netherlands,NED,2008,Summer,Beijing,Water Polo,Water Polo Women's Water Polo,Gold
46015,Jessica Adele Hardy (-Meichtry),F,25,180,70,United States,USA,2012,Summer,London,Swimming,Swimming Women's 4 x 100 metres Medley Relay,Gold
46113,"Dawn Harper (-Everhart, -Nelson)",F,24,168,61,United States,USA,2008,Summer,Beijing,Athletics,Athletics Women's 100 metres Hurdles,Gold
46542,Natasha Monique Hastings,F,22,173,68,United States,USA,2008,Summer,Beijing,Athletics,Athletics Women's 4 x 400 metres Relay,Gold
46931,He Kexin,F,16,142,33,China,CHN,2008,Summer,Beijing,Gymnastics,Gymnastics Women's Team All-Around,Gold
46931,He Kexin,F,16,142,33,China,CHN,2008,Summer,Beijing,Gymnastics,Gymnastics Women's Uneven Bars,Gold
46936,He Wenna,F,19,160,50,China,CHN,2008,Summer,Beijing,Trampolining,Trampolining Women's Individual,Gold
46948,He Zi,F,21,159,51,China,CHN,2012,Summer,London,Diving,Diving Women's Synchronized Springboard,Gold
46999,Tobin Powell Heath,F,20,168,59,United States,USA,2008,Summer,Beijing,Football,Football Women's Football,Gold
46999,Tobin Powell Heath,F,24,168,59,United States,USA,2012,Summer,London,Football,Football Women's Football,Gold
47117,"Frederike Johanna Maria ""Femke"" Heemskerk",F,20,180,68,Netherlands,NED,2008,Summer,Beijing,Swimming,Swimming Women's 4 x 100 metres Freestyle Relay,Gold
47187,Britta Heidemann,F,25,180,70,Germany,GER,2008,Summer,Beijing,Fencing,"Fencing Women's epee, Individual",Gold
47582,Monique Marie Henderson,F,21,170,54,United States,USA,2004,Summer,Athina,Athletics,Athletics Women's 4 x 400 metres Relay,Gold
47582,Monique Marie Henderson,F,25,170,54,United States,USA,2008,Summer,Beijing,Athletics,Athletics Women's 4 x 400 metres Relay,Gold
47622,Justine Henin-Hardenne,F,22,167,60,Belgium,BEL,2004,Summer,Athina,Tennis,Tennis Women's Singles,Gold
47749,Jodie Clare Henry,F,20,176,63,Australia,AUS,2004,Summer,Athina,Swimming,Swimming Women's 100 metres Freestyle,Gold
47749,Jodie Clare Henry,F,20,176,63,Australia,AUS,2004,Summer,Athina,Swimming,Swimming Women's 4 x 100 metres Freestyle Relay,Gold
47749,Jodie Clare Henry,F,20,176,63,Australia,AUS,2004,Summer,Athina,Swimming,Swimming Women's 4 x 100 metres Medley Relay,Gold
48041,"Lauren Zoe ""Laurie"" Hernandez",F,16,152,49,United States,USA,2016,Summer,Rio de Janeiro,Gymnastics,Gymnastics Women's Team All-Around,Gold
48128,Camilla Herrem,F,25,167,57,Norway,NOR,2012,Summer,London,Handball,Handball Women's Handball,Gold
49742,Hong Un-Jong,F,19,156,47,North Korea,PRK,2008,Summer,Beijing,Gymnastics,Gymnastics Women's Horse Vault,Gold
49791,Ellen Marijn Hoog,F,22,164,54,Netherlands,NED,2008,Summer,Beijing,Hockey,Hockey Women's Hockey,Gold
50545,Hsu Shu-Ching,F,25,160,53,Chinese Taipei,TPE,2016,Summer,Rio de Janeiro,Weightlifting,Weightlifting Women's Featherweight,Gold
51295,Svenja Anette Huth,F,25,163,54,Germany,GER,2016,Summer,Rio de Janeiro,Football,Football Women's Football,Gold
51369,Hwang Gyeong-Seon,F,22,175,67,South Korea,KOR,2008,Summer,Beijing,Taekwondo,Taekwondo Women's Welterweight,Gold
51603,Kaori Icho,F,20,166,61,Japan,JPN,2004,Summer,Athina,Wrestling,"Wrestling Women's Middleweight, Freestyle",Gold
51603,Kaori Icho,F,24,166,61,Japan,JPN,2008,Summer,Beijing,Wrestling,"Wrestling Women's Middleweight, Freestyle",Gold
51816,"Larissa Dmitriyevna ""Lara"" Ilchenko",F,19,171,58,Russia,RUS,2008,Summer,Beijing,Swimming,Swimming Women's 10 kilometres Open Water,Gold
51921,Yekaterina Fyodorovna Ilyina,F,25,174,60,Russia,RUS,2016,Summer,Rio de Janeiro,Handball,Handball Women's Handball,Gold
51981,Im Su-Jeong,F,21,168,57,South Korea,KOR,2008,Summer,Beijing,Taekwondo,Taekwondo Women's Featherweight,Gold
52232,Emi Inui,F,24,170,70,Japan,JPN,2008,Summer,Beijing,Softball,Softball Women's Softball,Gold
52471,Nataliya Sergeyevna Ishchenko,F,22,177,60,Russia,RUS,2008,Summer,Beijing,Synchronized Swimming,Synchronized Swimming Women's Team,Gold
52554,Yelena Gadzhiyevna Isinbayeva,F,22,174,64,Russia,RUS,2004,Summer,Athina,Athletics,Athletics Women's Pole Vault,Gold
52994,Sandra Raluca Izbaa,F,18,164,52,Romania,ROU,2008,Summer,Beijing,Gymnastics,Gymnastics Women's Floor Exercise,Gold
52994,Sandra Raluca Izbaa,F,22,164,52,Romania,ROU,2012,Summer,London,Gymnastics,Gymnastics Women's Horse Vault,Gold
53630,Jang Ji-Won,F,24,174,57,South Korea,KOR,2004,Summer,Athina,Taekwondo,Taekwondo Women's Featherweight,Gold
53926,Prapawadee Jaroenrattanatarakoon,F,24,157,54,Thailand,THA,2008,Summer,Beijing,Weightlifting,Weightlifting Women's Featherweight,Gold
54135,Ruth Jebet,F,19,162,51,Bahrain,BRN,2016,Summer,Rio de Janeiro,Athletics,"Athletics Women's 3,000 metres Steeplechase",Gold
54227,Pamela Jelimo (Chelimo),F,18,175,60,Kenya,KEN,2008,Summer,Beijing,Athletics,Athletics Women's 800 metres,Gold
54453,Trine Jensen (-Skovgaard Nielsen),F,23,176,70,Denmark,DEN,2004,Summer,Athina,Handball,Handball Women's Handball,Gold
54806,Jiang Yuyuan,F,16,140,32,China,CHN,2008,Summer,Beijing,Gymnastics,Gymnastics Women's Team All-Around,Gold
54808,Jiao Liuyang,F,20,172,63,China,CHN,2012,Summer,London,Swimming,Swimming Women's 200 metres Butterfly,Gold
55457,Shawn Machel Johnson (-East),F,16,145,41,United States,USA,2008,Summer,Beijing,Gymnastics,Gymnastics Women's Balance Beam,Gold
55676,Jade Louise Jones,F,19,156,57,Great Britain,GBR,2012,Summer,London,Taekwondo,Taekwondo Women's Featherweight,Gold
55676,Jade Louise Jones,F,23,156,57,Great Britain,GBR,2016,Summer,Rio de Janeiro,Taekwondo,Taekwondo Women's Featherweight,Gold
55692,Leisel Marie Jones,F,18,177,68,Australia,AUS,2004,Summer,Athina,Swimming,Swimming Women's 4 x 100 metres Medley Relay,Gold
55692,Leisel Marie Jones,F,22,177,68,Australia,AUS,2008,Summer,Beijing,Swimming,Swimming Women's 100 metres Breaststroke,Gold
55692,Leisel Marie Jones,F,22,177,68,Australia,AUS,2008,Summer,Beijing,Swimming,Swimming Women's 4 x 100 metres Medley Relay,Gold
55792,Kelly Maria Jonker,F,22,159,59,Netherlands,NED,2012,Summer,London,Hockey,Hockey Women's Hockey,Gold
56296,"Lovieanne ""Lovie"" Jung",F,24,168,64,United States,USA,2004,Summer,Athina,Softball,Softball Women's Softball,Gold
56497,Alina Maratovna Kabayeva,F,21,164,46,Russia,RUS,2004,Summer,Athina,Rhythmic Gymnastics,Rhythmic Gymnastics Women's Individual,Gold
56675,"Natasha Kanani Janine ""Tasha"" Kai",F,25,170,66,United States,USA,2008,Summer,Beijing,Football,Football Women's Football,Gold
57156,Yevgeniya Olegovna Kanayeva,F,18,168,42,Russia,RUS,2008,Summer,Beijing,Rhythmic Gymnastics,Rhythmic Gymnastics Women's Individual,Gold
57156,Yevgeniya Olegovna Kanayeva,F,22,168,42,Russia,RUS,2012,Summer,London,Rhythmic Gymnastics,Rhythmic Gymnastics Women's Individual,Gold
57247,Olga Nikolayevna Kaniskina,F,23,160,43,Russia,RUS,2008,Summer,Beijing,Athletics,Athletics Women's 20 kilometres Walk,Gold
57566,Ayumi Karino,F,23,160,57,Japan,JPN,2008,Summer,Beijing,Softball,Softball Women's Softball,Gold
58163,Risako Kawai,F,21,160,61,Japan,JPN,2016,Summer,Rio de Janeiro,Wrestling,"Wrestling Women's Middleweight, Freestyle",Gold
58601,Majlinda Kelmendi,F,25,162,52,Kosovo,KOS,2016,Summer,Rio de Janeiro,Judo,Judo Women's Half-Lightweight,Gold
58623,Tabea Kemme,F,24,169,56,Germany,GER,2016,Summer,Rio de Janeiro,Football,Football Women's Football,Gold
59087,Fani Khalkia,F,25,174,60,Greece,GRE,2004,Summer,Athina,Athletics,Athletics Women's 400 metres Hurdles,Gold
59209,Olha Hennadivna Kharlan,F,17,172,68,Ukraine,UKR,2008,Summer,Beijing,Fencing,"Fencing Women's Sabre, Team",Gold
59225,Elvira Ramilevna Khasyanova,F,23,163,57,Russia,RUS,2004,Summer,Athina,Synchronized Swimming,Synchronized Swimming Women's Team,Gold
59367,Olena Mykolavna Khomrova,F,21,166,54,Ukraine,UKR,2008,Summer,Beijing,Fencing,"Fencing Women's Sabre, Team",Gold
59520,Ki Bo-Bae,F,24,167,57,South Korea,KOR,2012,Summer,London,Archery,Archery Women's Individual,Gold
59520,Ki Bo-Bae,F,24,167,57,South Korea,KOR,2012,Summer,London,Archery,Archery Women's Team,Gold
59542,Faith Chepngetich Kibiegon,F,22,157,43,Kenya,KEN,2016,Summer,Rio de Janeiro,Athletics,"Athletics Women's 1,500 metres",Gold
60022,Kim Jang-Mi,F,19,160,53,South Korea,KOR,2012,Summer,London,Shooting,"Shooting Women's Sporting Pistol, 25 metres",Gold
60047,Kim Ji-Yeon,F,24,165,56,South Korea,KOR,2012,Summer,London,Fencing,"Fencing Women's Sabre, Individual",Gold
60247,Kim So-Hui,F,22,164,50,South Korea,KOR,2016,Summer,Rio de Janeiro,Taekwondo,Taekwondo Women's Flyweight,Gold
60474,"Danielle ""Dani"" King (-Rowe)",F,21,175,62,Great Britain,GBR,2012,Summer,London,Cycling,Cycling Women's Team Pursuit,Gold
60494,Lilly King,F,19,175,70,United States,USA,2016,Summer,Rio de Janeiro,Swimming,Swimming Women's 100 metres Breaststroke,Gold
60494,Lilly King,F,19,175,70,United States,USA,2016,Summer,Rio de Janeiro,Swimming,Swimming Women's 4 x 100 metres Medley Relay,Gold
61330,Yana Oleksandrivna Klochkova,F,22,182,70,Ukraine,UKR,2004,Summer,Athina,Swimming,Swimming Women's 200 metres Individual Medley,Gold
61330,Yana Oleksandrivna Klochkova,F,22,182,70,Ukraine,UKR,2004,Summer,Athina,Swimming,Swimming Women's 400 metres Individual Medley,Gold
61371,Carolina Evelyn Klft,F,21,178,65,Sweden,SWE,2004,Summer,Athina,Athletics,Athletics Women's Heptathlon,Gold
61494,Bianca Knight,F,23,160,63,United States,USA,2012,Summer,London,Athletics,Athletics Women's 4 x 100 metres Relay,Gold
61812,Madison Taylor Kocian,F,19,157,46,United States,USA,2016,Summer,Rio de Janeiro,Gymnastics,Gymnastics Women's Team All-Around,Gold
62169,Svetlana Konstantinovna Kolesnichenko,F,22,171,53,Russia,RUS,2016,Summer,Rio de Janeiro,Synchronized Swimming,Synchronized Swimming Women's Team,Gold
62725,Anna Korakaki,F,20,175,65,Greece,GRE,2016,Summer,Rio de Janeiro,Shooting,"Shooting Women's Sporting Pistol, 25 metres",Gold
62846,Darya Sergeyevna Korobova,F,23,177,58,Russia,RUS,2012,Summer,London,Synchronized Swimming,Synchronized Swimming Women's Team,Gold
63109,Olena Dmytrivna Kostevych,F,19,160,52,Ukraine,UKR,2004,Summer,Athina,Shooting,"Shooting Women's Air Pistol, 10 metres",Gold
63543,Danuta Kozk,F,25,168,63,Hungary,HUN,2012,Summer,London,Canoeing,"Canoeing Women's Kayak Singles, 500 metres",Gold
63543,Danuta Kozk,F,25,168,63,Hungary,HUN,2012,Summer,London,Canoeing,"Canoeing Women's Kayak Fours, 500 metres",Gold
63999,Kelly Kretschman,F,24,165,66,United States,USA,2004,Summer,Athina,Softball,Softball Women's Softball,Gold
64697,Anke Khn (-Khne),F,23,175,70,Germany,GER,2004,Summer,Athina,Hockey,Hockey Women's Hockey,Gold
64780,Yolane Nicole Kukla,F,16,168,61,Australia,AUS,2012,Summer,London,Swimming,Swimming Women's 4 x 100 metres Freestyle Relay,Gold
65026,Kahena Kunze,F,25,172,68,Brazil,BRA,2016,Summer,Rio de Janeiro,Sailing,Sailing Women's Skiff,Gold
65093,Tatyana Sergeyevna Kurbakova,F,18,176,52,Russia,RUS,2004,Summer,Athina,Rhythmic Gymnastics,Rhythmic Gymnastics Women's Group,Gold
65144,Kateina Krkov-Emmons,F,24,165,53,Czech Republic,CZE,2008,Summer,Beijing,Shooting,"Shooting Women's Air Rifle, 10 metres",Gold
65346,Olga Petrovna Kuzhela,F,22,172,55,Russia,RUS,2008,Summer,Beijing,Synchronized Swimming,Synchronized Swimming Women's Team,Gold
66220,Yevgeniya Alekseyevna Lamonova,F,24,174,62,Russia,RUS,2008,Summer,Beijing,Fencing,"Fencing Women's Foil, Team",Gold
66593,Lao Lishi,F,16,153,43,China,CHN,2004,Summer,Athina,Diving,Diving Women's Synchronized Platform,Gold
66954,Yelena Anatolyevna Lashmanova,F,20,170,48,Russia,RUS,2012,Summer,London,Athletics,Athletics Women's 20 kilometres Walk,Gold
67271,Nataliya Aleksandrovna Lavrova,F,20,175,57,Russia,RUS,2004,Summer,Athina,Rhythmic Gymnastics,Rhythmic Gymnastics Women's Group,Gold
67539,milie Le Pennec,F,16,150,37,France,FRA,2004,Summer,Athina,Gymnastics,Gymnastics Women's Uneven Bars,Gold
68132,Lee Seong-Jin,F,19,164,65,South Korea,KOR,2004,Summer,Athina,Archery,Archery Women's Team,Gold
68379,Sonja Lehmann (-Dittbrenner),F,24,172,65,Germany,GER,2004,Summer,Athina,Hockey,Hockey Women's Hockey,Gold
68741,"Lisbeth Constance ""Libby"" Lenton-Trickett",F,19,167,60,Australia,AUS,2004,Summer,Athina,Swimming,Swimming Women's 4 x 100 metres Freestyle Relay,Gold
68741,"Lisbeth Constance ""Libby"" Lenton-Trickett",F,23,167,60,Australia,AUS,2008,Summer,Beijing,Swimming,Swimming Women's 100 metres Butterfly,Gold
68741,"Lisbeth Constance ""Libby"" Lenton-Trickett",F,23,167,60,Australia,AUS,2008,Summer,Beijing,Swimming,Swimming Women's 4 x 100 metres Medley Relay,Gold
68804,Carolin Leonhardt,F,19,175,64,Germany,GER,2004,Summer,Athina,Canoeing,"Canoeing Women's Kayak Fours, 500 metres",Gold
68921,Sydney Rae Leroux (-Dwyer),F,22,170,66,United States,USA,2012,Summer,London,Football,Football Women's Football,Gold
69088,Melanie Leupolz,F,22,173,52,Germany,GER,2016,Summer,Rio de Janeiro,Football,Football Women's Football,Gold
69483,Li Shanshan,F,16,145,36,China,CHN,2008,Summer,Beijing,Gymnastics,Gymnastics Women's Team All-Around,Gold
69499,Li Ting,F,17,157,44,China,CHN,2004,Summer,Athina,Diving,Diving Women's Synchronized Platform,Gold
69530,Li Xiaoxia,F,24,174,65,China,CHN,2012,Summer,London,Table Tennis,Table Tennis Women's Singles,Gold
69530,Li Xiaoxia,F,24,174,65,China,CHN,2012,Summer,London,Table Tennis,Table Tennis Women's Team,Gold
69540,Li Xuerui,F,21,175,65,China,CHN,2012,Summer,London,Badminton,Badminton Women's Singles,Gold
69542,Li Xueying,F,22,161,58,China,CHN,2012,Summer,London,Weightlifting,Weightlifting Women's Lightweight,Gold
69978,Lin Li,F,24,171,70,China,CHN,2016,Summer,Rio de Janeiro,Volleyball,Volleyball Women's Volleyball,Gold
70556,Liu Chunhong,F,21,160,69,China,CHN,2004,Summer,Athina,Weightlifting,Weightlifting Women's Light-Heavyweight,Gold
70556,Liu Chunhong,F,25,160,69,China,CHN,2008,Summer,Beijing,Weightlifting,Weightlifting Women's Light-Heavyweight,Gold
70592,Liu Huixia,F,18,157,48,China,CHN,2016,Summer,Rio de Janeiro,Diving,Diving Women's Synchronized Platform,Gold
70636,Liu Shiwen,F,25,160,54,China,CHN,2016,Summer,Rio de Janeiro,Table Tennis,Table Tennis Women's Team,Gold
70710,Liu Zige,F,19,181,70,China,CHN,2008,Summer,Beijing,Swimming,Swimming Women's 200 metres Butterfly,Gold
70711,"Anastasiya Valeryevna ""Nastia"" Liukin",F,18,160,45,United States,USA,2008,Summer,Beijing,Gymnastics,Gymnastics Women's Individual All-Around,Gold
71060,Tatyana Yuryevna Logunova,F,24,174,62,Russia,RUS,2004,Summer,Athina,Fencing,"Fencing Women's epee, Team",Gold
72391,Luo Wei,F,21,180,67,China,CHN,2004,Summer,Athina,Taekwondo,Taekwondo Women's Welterweight,Gold
72398,Luo Xuejuan,F,20,167,64,China,CHN,2004,Summer,Athina,Swimming,Swimming Women's 100 metres Breaststroke,Gold
73050,Linda June MacKenzie (-Single),F,24,161,52,Australia,AUS,2008,Summer,Beijing,Swimming,Swimming Women's 4 x 200 metres Freestyle Relay,Gold
73100,"Rosannagh ""Rosie"" MacLennan",F,23,158,54,Canada,CAN,2012,Summer,London,Trampolining,Trampolining Women's Individual,Gold
73645,Leonie Rebekka Maier,F,23,163,62,Germany,GER,2016,Summer,Rio de Janeiro,Football,Football Women's Football,Gold
73804,Alina Andreyevna Makarenko,F,17,172,48,Russia,RUS,2012,Summer,London,Rhythmic Gymnastics,Rhythmic Gymnastics Women's Group,Gold
73925,Anastasiya Ivanovna Maksimova,F,25,170,50,Russia,RUS,2016,Summer,Rio de Janeiro,Rhythmic Gymnastics,Rhythmic Gymnastics Women's Group,Gold
74270,Margarita Abdullayevna Mamun,F,20,170,50,Russia,RUS,2016,Summer,Rio de Janeiro,Rhythmic Gymnastics,Rhythmic Gymnastics Women's Individual,Gold
74295,Laure Manaudou,F,17,180,69,France,FRA,2004,Summer,Athina,Swimming,Swimming Women's 400 metres Freestyle,Gold
74950,Melanie Margalis,F,24,173,65,United States,USA,2016,Summer,Rio de Janeiro,Swimming,Swimming Women's 4 x 200 metres Freestyle Relay,Gold
74992,"Marianne ""Mari"" Steinbrecher",F,24,188,70,Brazil,BRA,2008,Summer,Beijing,Volleyball,Volleyball Women's Volleyball,Gold
75045,Carolina Mara Marn Marn,F,23,172,65,Spain,ESP,2016,Summer,Rio de Janeiro,Badminton,Badminton Women's Singles,Gold
75262,McKayla Rose Maroney,F,16,160,46,United States,USA,2012,Summer,London,Gymnastics,Gymnastics Women's Team All-Around,Gold
75285,Helen Louise Maroulis,F,24,163,57,United States,USA,2016,Summer,Rio de Janeiro,Wrestling,"Wrestling Women's Featherweight, Freestyle",Gold
75293,Dzsenifer Marozsn,F,24,171,68,Germany,GER,2016,Summer,Rio de Janeiro,Football,Football Women's Football,Gold
76407,Courtney Lynn Kaiulani  Mathewson,F,25,171,69,United States,USA,2012,Summer,London,Water Polo,Water Polo Women's Water Polo,Gold
76576,Kaori Matsumoto,F,24,163,57,Japan,JPN,2012,Summer,London,Judo,Judo Women's Lightweight,Gold
76625,Misaki Matsutomo,F,24,160,50,Japan,JPN,2016,Summer,Rio de Janeiro,Badminton,Badminton Women's Doubles,Gold
77276,Shona Clare McCallin,F,24,165,69,Great Britain,GBR,2016,Summer,Rio de Janeiro,Hockey,Hockey Women's Hockey,Gold
77390,Francena Lynette McCorory,F,23,171,68,United States,USA,2012,Summer,London,Athletics,Athletics Women's 4 x 400 metres Relay,Gold
77394,Angel Lajuane McCoughtry,F,25,185,70,United States,USA,2012,Summer,London,Basketball,Basketball Women's Basketball,Gold
77716,Emma McKeon,F,22,180,60,Australia,AUS,2016,Summer,Rio de Janeiro,Swimming,Swimming Women's 4 x 100 metres Freestyle Relay,Gold
77809,Sally McLellan-Pearson,F,25,167,60,Australia,AUS,2012,Summer,London,Athletics,Athletics Women's 100 metres Hurdles,Gold
78005,Anna Maree Devenish Meares,F,20,165,70,Australia,AUS,2004,Summer,Athina,Cycling,Cycling Women's 500 metres Time Trial,Gold
78267,"Catherine Michelle ""Katie"" Meili",F,25,170,61,United States,USA,2016,Summer,Rio de Janeiro,Swimming,Swimming Women's 4 x 100 metres Medley Relay,Gold
78649,Jessica Mendoza (-Burks),F,23,173,66,United States,USA,2004,Summer,Athina,Softball,Softball Women's Softball,Gold
78703,Sarah Gabrielle Cabral de Menezes,F,22,154,48,Brazil,BRA,2012,Summer,London,Judo,Judo Women's Extra-Lightweight,Gold
78921,Iryna Oleksivna Merleni-Mykulchyn (Melnyk-),F,22,156,48,Ukraine,UKR,2004,Summer,Athina,Wrestling,"Wrestling Women's Flyweight, Freestyle",Gold
79676,Henriette Rnde (-Henriette Mller) Mikkelsen,F,23,166,63,Denmark,DEN,2004,Summer,Athina,Handball,Handball Women's Handball,Gold
79938,Shaunae Miller (-Uibo),F,22,185,69,Bahamas,BAH,2016,Summer,Rio de Janeiro,Athletics,Athletics Women's 400 metres,Gold
79969,Alice Mary Mills (-Tait),F,18,175,63,Australia,AUS,2004,Summer,Athina,Swimming,Swimming Women's 4 x 100 metres Freestyle Relay,Gold
79969,Alice Mary Mills (-Tait),F,18,175,63,Australia,AUS,2004,Summer,Athina,Swimming,Swimming Women's 4 x 100 metres Medley Relay,Gold
80138,Yukiyo Mine,F,20,166,63,Japan,JPN,2008,Summer,Beijing,Softball,Softball Women's Softball,Gold
82008,"Alexandra Patricia ""Alex"" Morgan",F,23,173,62,United States,USA,2012,Summer,London,Football,Football Women's Football,Gold
82474,Estelle Mossely,F,23,168,60,France,FRA,2016,Summer,Rio de Janeiro,Boxing,Boxing Women's Lightweight,Gold
83150,Silke Mller,F,25,165,57,Germany,GER,2004,Summer,Athina,Hockey,Hockey Women's Hockey,Gold
83628,Yelena Anatolyevna Murzina,F,20,178,52,Russia,RUS,2004,Summer,Athina,Rhythmic Gymnastics,Rhythmic Gymnastics Women's Group,Gold
83703,"Madeline ""Maddie"" Musselman",F,18,181,65,United States,USA,2016,Summer,Rio de Janeiro,Water Polo,Water Polo Women's Water Polo,Gold
83715,Aliya Farkhatovna Mustafina,F,17,162,48,Russia,RUS,2012,Summer,London,Gymnastics,Gymnastics Women's Uneven Bars,Gold
83715,Aliya Farkhatovna Mustafina,F,21,162,48,Russia,RUS,2016,Summer,Rio de Janeiro,Gymnastics,Gymnastics Women's Uneven Bars,Gold
84839,Anastasiya Konstantinovna Nazarenko,F,19,172,52,Russia,RUS,2012,Summer,London,Rhythmic Gymnastics,Rhythmic Gymnastics Women's Group,Gold
85373,Yuliya Viktorovna Nesterenko (Bartsevich-),F,25,176,62,Belarus,BLR,2004,Summer,Athina,Athletics,Athletics Women's 100 metres,Gold
85507,Kiley Neushul,F,23,173,65,United States,USA,2016,Summer,Rio de Janeiro,Water Polo,Water Polo Women's Water Polo,Gold
86205,Viktoriya Aleksandrovna Nikishina,F,23,174,68,Russia,RUS,2008,Summer,Beijing,Fencing,"Fencing Women's Foil, Team",Gold
86524,Rei Nishiyama,F,24,167,62,Japan,JPN,2008,Summer,Beijing,Softball,Softball Women's Softball,Gold
88226,Kelley Maureen O'Hara,F,23,165,58,United States,USA,2012,Summer,London,Football,Football Women's Football,Gold
88316,Christine Ijeoma Chika Ohuruogu,F,24,172,70,Great Britain,GBR,2008,Summer,Beijing,Athletics,Athletics Women's 400 metres,Gold
88474,Courtney Okolo,F,22,173,59,United States,USA,2016,Summer,Rio de Janeiro,Athletics,Athletics Women's 4 x 400 metres Relay,Gold
88651,"Penelope ""Penny"" Oleksiak",F,16,185,68,Canada,CAN,2016,Summer,Rio de Janeiro,Swimming,Swimming Women's 100 metres Freestyle,Gold
89324,Heather Ann OReilly (-Werry),F,19,165,60,United States,USA,2004,Summer,Athina,Football,Football Women's Football,Gold
89324,Heather Ann OReilly (-Werry),F,23,165,60,United States,USA,2008,Summer,Beijing,Football,Football Women's Football,Gold
89894,Inna Volodymyrivna Osypenko-Radomska,F,25,166,63,Ukraine,UKR,2008,Summer,Beijing,Canoeing,"Canoeing Women's Kayak Singles, 500 metres",Gold
90241,Lily Isabelle Owsley,F,21,170,70,Great Britain,GBR,2016,Summer,Rio de Janeiro,Hockey,Hockey Women's Hockey,Gold
90631,Mariana Pajn Londoo,F,20,158,50,Colombia,COL,2012,Summer,London,Cycling,Cycling Women's BMX,Gold
90631,Mariana Pajn Londoo,F,24,158,50,Colombia,COL,2016,Summer,Rio de Janeiro,Cycling,Cycling Women's BMX,Gold
90649,Pak Hyon-Suk,F,23,155,63,North Korea,PRK,2008,Summer,Beijing,Weightlifting,Weightlifting Women's Middleweight,Gold
90856,Kylie Jayne Palmer,F,18,172,64,Australia,AUS,2008,Summer,Beijing,Swimming,Swimming Women's 4 x 200 metres Freestyle Relay,Gold
91704,Tessa Parkinson,F,21,177,66,Australia,AUS,2008,Summer,Beijing,Sailing,Sailing Women's Two Person Dinghy,Gold
92089,Aleksandra Vyacheslavovna Patskevich,F,23,169,69,Russia,RUS,2012,Summer,London,Synchronized Swimming,Synchronized Swimming Women's Team,Gold
92104,Carly Rae Patterson (-Caldwell),F,16,152,44,United States,USA,2004,Summer,Athina,Gymnastics,Gymnastics Women's Individual All-Around,Gold
92193,Ilse Paulis,F,23,174,57,Netherlands,NED,2016,Summer,Rio de Janeiro,Rowing,Rowing Women's Lightweight Double Sculls,Gold
92229,Maartje Yvonne Helene Paumen,F,22,176,66,Netherlands,NED,2008,Summer,Beijing,Hockey,Hockey Women's Hockey,Gold
92831,Evania Pelite,F,21,169,67,Australia,AUS,2016,Summer,Rio de Janeiro,Rugby Sevens,Rugby Sevens Women's Rugby Sevens,Gold
92854,Federica Pellegrini,F,20,177,65,Italy,ITA,2008,Summer,Beijing,Swimming,Swimming Women's 200 metres Freestyle,Gold
93163,Lauren Perdue,F,21,170,65,United States,USA,2012,Summer,London,Swimming,Swimming Women's 4 x 200 metres Freestyle Relay,Gold
95863,Sophie Polkamp,F,24,164,59,Netherlands,NED,2008,Summer,Beijing,Hockey,Hockey Women's Hockey,Gold
95926,Udomporn Polsak,F,22,150,53,Thailand,THA,2004,Summer,Athina,Weightlifting,Weightlifting Women's Featherweight,Gold
95956,Yevgeniya Yevgeniyevna Polyakova,F,25,164,55,Russia,RUS,2008,Summer,Beijing,Athletics,Athletics Women's 4 x 100 metres Relay,Gold
96044,Ctlina Ponor,F,16,160,47,Romania,ROU,2004,Summer,Athina,Gymnastics,Gymnastics Women's Team All-Around,Gold
96044,Ctlina Ponor,F,16,160,47,Romania,ROU,2004,Summer,Athina,Gymnastics,Gymnastics Women's Floor Exercise,Gold
96044,Ctlina Ponor,F,16,160,47,Romania,ROU,2004,Summer,Athina,Gymnastics,Gymnastics Women's Balance Beam,Gold
96229,Alexandra Popp,F,25,174,65,Germany,GER,2016,Summer,Rio de Janeiro,Football,Football Women's Football,Gold
96376,Yelena Aleksandrovna Posevina,F,18,176,56,Russia,RUS,2004,Summer,Athina,Rhythmic Gymnastics,Rhythmic Gymnastics Women's Group,Gold
96376,Yelena Aleksandrovna Posevina,F,22,176,56,Russia,RUS,2008,Summer,Beijing,Rhythmic Gymnastics,Rhythmic Gymnastics Women's Group,Gold
96448,Camelia Alina Potec,F,22,178,65,Romania,ROU,2004,Summer,Athina,Swimming,Swimming Women's 200 metres Freestyle,Gold
96660,"Olivia Elizabeth ""Polly"" Powrie",F,24,173,70,New Zealand,NZL,2012,Summer,London,Sailing,Sailing Women's Two Person Dinghy,Gold
97153,Yelena Gennadyevna Prokofyeva,F,22,171,54,Russia,RUS,2016,Summer,Rio de Janeiro,Synchronized Swimming,Synchronized Swimming Women's Team,Gold
97449,Monica Puig Marchn,F,22,170,64,Puerto Rico,PUR,2016,Summer,Rio de Janeiro,Tennis,Tennis Women's Singles,Gold
97533,Halyna Vasylivna Pundyk,F,20,163,54,Ukraine,UKR,2008,Summer,Beijing,Fencing,"Fencing Women's Sabre, Team",Gold
97955,Giulia Quintavalle,F,25,174,59,Italy,ITA,2008,Summer,Beijing,Judo,Judo Women's Lightweight,Gold
97981,Alicia Quirk,F,24,173,64,Australia,AUS,2016,Summer,Rio de Janeiro,Rugby Sevens,Rugby Sevens Women's Rugby Sevens,Gold
98437,"Alexandra Rose ""Aly"" Raisman",F,18,157,52,United States,USA,2012,Summer,London,Gymnastics,Gymnastics Women's Team All-Around,Gold
98437,"Alexandra Rose ""Aly"" Raisman",F,18,157,52,United States,USA,2012,Summer,London,Gymnastics,Gymnastics Women's Floor Exercise,Gold
98437,"Alexandra Rose ""Aly"" Raisman",F,22,157,52,United States,USA,2016,Summer,Rio de Janeiro,Gymnastics,Gymnastics Women's Team All-Around,Gold
99425,Elise Maree Rechichi,F,22,162,48,Australia,AUS,2008,Summer,Beijing,Sailing,Sailing Women's Two Person Dinghy,Gold
99460,"Catherine Anne ""Cat"" Reddick (-Whitehill)",F,22,170,68,United States,USA,2004,Summer,Athina,Football,Football Women's Football,Gold
99538,Brittney Davon Reese,F,25,173,61,United States,USA,2012,Summer,London,Athletics,Athletics Women's Long Jump,Gold
99540,Shayne Leanne Reese,F,25,168,62,Australia,AUS,2008,Summer,Beijing,Swimming,Swimming Women's 4 x 100 metres Medley Relay,Gold
99793,Nicole Reinhardt,F,22,179,65,Germany,GER,2008,Summer,Beijing,Canoeing,"Canoeing Women's Kayak Fours, 500 metres",Gold
99924,Ren Qian,F,15,162,49,China,CHN,2016,Summer,Rio de Janeiro,Diving,Diving Women's Platform,Gold
100455,"Stephanie Louise ""Steph"" Rice",F,20,176,67,Australia,AUS,2008,Summer,Beijing,Swimming,Swimming Women's 4 x 200 metres Freestyle Relay,Gold
100455,"Stephanie Louise ""Steph"" Rice",F,20,176,67,Australia,AUS,2008,Summer,Beijing,Swimming,Swimming Women's 200 metres Individual Medley,Gold
100455,"Stephanie Louise ""Steph"" Rice",F,20,176,67,Australia,AUS,2008,Summer,Beijing,Swimming,Swimming Women's 400 metres Individual Medley,Gold
100516,Sanya Richards-Ross,F,19,173,62,United States,USA,2004,Summer,Athina,Athletics,Athletics Women's 4 x 400 metres Relay,Gold
100516,Sanya Richards-Ross,F,23,173,62,United States,USA,2008,Summer,Beijing,Athletics,Athletics Women's 4 x 400 metres Relay,Gold
100714,Linn-Kristin Ullevoldster Riegelhuth Koren,F,24,175,66,Norway,NOR,2008,Summer,Beijing,Handball,Handball Women's Handball,Gold
100937,Fanny Rinne,F,24,178,64,Germany,GER,2004,Summer,Athina,Hockey,Hockey Women's Hockey,Gold
101026,Jenny Rissveds,F,22,165,55,Sweden,SWE,2016,Summer,Rio de Janeiro,Cycling,"Cycling Women's Mountainbike, Cross-Country",Gold
101459,Moushaumi Robinson,F,23,170,59,United States,USA,2004,Summer,Athina,Athletics,Athletics Women's 4 x 400 metres Relay,Gold
101708,Amy Joy Rodriguez (-Shilling),F,21,163,66,United States,USA,2008,Summer,Beijing,Football,Football Women's Football,Gold
101708,Amy Joy Rodriguez (-Shilling),F,25,163,66,United States,USA,2012,Summer,London,Football,Football Women's Football,Gold
102175,Brianna Rollins,F,24,165,59,United States,USA,2016,Summer,Rio de Janeiro,Athletics,Athletics Women's 100 metres Hurdles,Gold
102276,Svetlana Alekseyevna Romashina,F,18,173,57,Russia,RUS,2008,Summer,Beijing,Synchronized Swimming,Synchronized Swimming Women's Team,Gold
102276,Svetlana Alekseyevna Romashina,F,22,173,57,Russia,RUS,2012,Summer,London,Synchronized Swimming,Synchronized Swimming Women's Duet,Gold
102276,Svetlana Alekseyevna Romashina,F,22,173,57,Russia,RUS,2012,Summer,London,Synchronized Swimming,Synchronized Swimming Women's Team,Gold
102438,Giaan Leigh Rooney,F,21,175,63,Australia,AUS,2004,Summer,Athina,Swimming,Swimming Women's 4 x 100 metres Medley Relay,Gold
102697,Kyla Briana Ross,F,15,157,45,United States,USA,2012,Summer,London,Gymnastics,Gymnastics Women's Team All-Around,Gold
102758,Jessica Rossi,F,20,168,59,Italy,ITA,2012,Summer,London,Shooting,Shooting Women's Trap,Gold
102818,Monica Rou,F,17,153,44,Romania,ROU,2004,Summer,Athina,Gymnastics,Gymnastics Women's Team All-Around,Gold
102818,Monica Rou,F,17,153,44,Romania,ROU,2004,Summer,Athina,Gymnastics,Gymnastics Women's Horse Vault,Gold
103052,Joanna Katie Rowsell Shand,F,23,180,69,Great Britain,GBR,2012,Summer,London,Cycling,Cycling Women's Team Pursuit,Gold
105305,Kaitlin Shea Sandeno (-Hogan),F,21,168,54,United States,USA,2004,Summer,Athina,Swimming,Swimming Women's 4 x 200 metres Freestyle Relay,Gold
106906,"Jessicah Lee ""Jess"" Schipper",F,17,170,60,Australia,AUS,2004,Summer,Athina,Swimming,Swimming Women's 4 x 100 metres Medley Relay,Gold
106906,"Jessicah Lee ""Jess"" Schipper",F,21,170,60,Australia,AUS,2008,Summer,Beijing,Swimming,Swimming Women's 4 x 100 metres Medley Relay,Gold
106938,"Melanie Rene ""Mel"" Schlanger (-Wright)",F,21,176,65,Australia,AUS,2008,Summer,Beijing,Swimming,Swimming Women's 4 x 200 metres Freestyle Relay,Gold
106938,"Melanie Rene ""Mel"" Schlanger (-Wright)",F,25,176,65,Australia,AUS,2012,Summer,London,Swimming,Swimming Women's 4 x 100 metres Freestyle Relay,Gold
107418,Lena Schneborn,F,22,179,60,Germany,GER,2008,Summer,Beijing,Modern Pentathlon,Modern Pentathlon Women's Individual,Gold
107518,Hinkelien Schreuder,F,24,179,61,Netherlands,NED,2008,Summer,Beijing,Swimming,Swimming Women's 4 x 100 metres Freestyle Relay,Gold
108198,Emily Jane Seebohm,F,16,180,70,Australia,AUS,2008,Summer,Beijing,Swimming,Swimming Women's 4 x 100 metres Medley Relay,Gold
108198,Emily Jane Seebohm,F,20,180,70,Australia,AUS,2012,Summer,London,Swimming,Swimming Women's 4 x 100 metres Freestyle Relay,Gold
108532,Mokgadi Caster Semenya,F,25,178,70,South Africa,RSA,2016,Summer,Rio de Janeiro,Athletics,Athletics Women's 800 metres,Gold
108970,Karolina Andreyevna Sevastyanova,F,17,173,51,Russia,RUS,2012,Summer,London,Rhythmic Gymnastics,Rhythmic Gymnastics Women's Group,Gold
109215,Aida Vladimirovna Shanayeva,F,22,173,63,Russia,RUS,2008,Summer,Beijing,Fencing,"Fencing Women's Foil, Team",Gold
109482,Sheilla Tavares de Castro Blassioli,F,25,185,65,Brazil,BRA,2008,Summer,Beijing,Volleyball,Volleyball Women's Volleyball,Gold
109683,Shi Tingmao,F,24,159,52,China,CHN,2016,Summer,Rio de Janeiro,Diving,Diving Women's Springboard,Gold
109683,Shi Tingmao,F,24,159,52,China,CHN,2016,Summer,Rio de Janeiro,Diving,Diving Women's Synchronized Springboard,Gold
109693,Ai Shibata,F,22,176,63,Japan,JPN,2004,Summer,Athina,Swimming,Swimming Women's 800 metres Freestyle,Gold
109900,Alla Anatolyevna Shishkina,F,22,170,54,Russia,RUS,2012,Summer,London,Synchronized Swimming,Synchronized Swimming Women's Team,Gold
109932,Darya Valeryevna Shkurikhina,F,17,176,56,Russia,RUS,2008,Summer,Beijing,Rhythmic Gymnastics,Rhythmic Gymnastics Women's Group,Gold
109988,Anna Vladimirovna Shorina,F,21,161,52,Russia,RUS,2004,Summer,Athina,Synchronized Swimming,Synchronized Swimming Women's Team,Gold
109988,Anna Vladimirovna Shorina,F,25,161,52,Russia,RUS,2008,Summer,Beijing,Synchronized Swimming,Synchronized Swimming Women's Team,Gold
110085,Mariya Vladimirovna Shurochkina,F,21,164,48,Russia,RUS,2016,Summer,Rio de Janeiro,Synchronized Swimming,Synchronized Swimming Women's Team,Gold
110549,Rafaela Lopes Silva,F,24,169,57,Brazil,BRA,2016,Summer,Rio de Janeiro,Judo,Judo Women's Lightweight,Gold
110897,Sherone Anmarica Simpson,F,19,163,59,Jamaica,JAM,2004,Summer,Athina,Athletics,Athletics Women's 4 x 100 metres Relay,Gold
111477,Anna Vitalyevna Sivkova,F,22,176,64,Russia,RUS,2004,Summer,Athina,Fencing,"Fencing Women's epee, Team",Gold
111571,Nataliya Anatolivna Skakun,F,23,160,60,Ukraine,UKR,2004,Summer,Athina,Weightlifting,Weightlifting Women's Middleweight,Gold
111938,Yelena Vladimirovna Slesarenko (Sivushenko-),F,22,178,60,Russia,RUS,2004,Summer,Athina,Athletics,Athletics Women's High Jump,Gold
112169,Miloushka Yasemin Smit,F,23,178,70,Netherlands,NED,2008,Summer,Beijing,Water Polo,Water Polo Women's Water Polo,Gold
112334,Leah Smith,F,21,178,67,United States,USA,2016,Summer,Rio de Janeiro,Swimming,Swimming Women's 4 x 200 metres Freestyle Relay,Gold
112753,"Nicoleta Daniela ""Dana"" ofronie",F,16,146,37,Romania,ROU,2004,Summer,Athina,Gymnastics,Gymnastics Women's Team All-Around,Gold
113022,Joyce Sombroek,F,21,179,64,Netherlands,NED,2012,Summer,London,Hockey,Hockey Women's Hockey,Gold
113033,Mika Someya,F,25,166,65,Japan,JPN,2008,Summer,Beijing,Softball,Softball Women's Softball,Gold
113137,Song Nina,F,24,179,65,China,CHN,2004,Summer,Athina,Volleyball,Volleyball Women's Volleyball,Gold
113169,Rebecca Soni,F,21,173,61,United States,USA,2008,Summer,Beijing,Swimming,Swimming Women's 200 metres Breaststroke,Gold
113169,Rebecca Soni,F,25,173,61,United States,USA,2012,Summer,London,Swimming,Swimming Women's 200 metres Breaststroke,Gold
113169,Rebecca Soni,F,25,173,61,United States,USA,2012,Summer,London,Swimming,Swimming Women's 4 x 100 metres Medley Relay,Gold
114059,Sukanya Srisurat,F,21,155,58,Thailand,THA,2016,Summer,Rio de Janeiro,Weightlifting,Weightlifting Women's Lightweight,Gold
114701,Britta Steffen,F,24,180,60,Germany,GER,2008,Summer,Beijing,Swimming,Swimming Women's 50 metres Freestyle,Gold
114701,Britta Steffen,F,24,180,60,Germany,GER,2008,Summer,Beijing,Swimming,Swimming Women's 100 metres Freestyle,Gold
115809,Silvia Alexandra Stroescu,F,19,156,48,Romania,ROU,2004,Summer,Athina,Gymnastics,Gymnastics Women's Team All-Around,Gold
116495,Sun Tiantian,F,22,175,64,China-1,CHN,2004,Summer,Athina,Tennis,Tennis Women's Doubles,Gold
116540,Siren Sundby,F,21,165,54,Norway,NOR,2004,Summer,Athina,Sailing,Sailing Women's One Person Dinghy,Gold
117322,Gabriella Timea Szab,F,25,170,62,Hungary,HUN,2012,Summer,London,Canoeing,"Canoeing Women's Kayak Fours, 500 metres",Gold
118369,Sopita Tanasan,F,21,154,48,Thailand,THA,2016,Summer,Rio de Janeiro,Weightlifting,Weightlifting Women's Flyweight,Gold
118470,Ayumi Tanimoto,F,23,158,63,Japan,JPN,2004,Summer,Athina,Judo,Judo Women's Half-Middleweight,Gold
118634,Jeneba Sylvia Tarmoh,F,22,165,59,United States,USA,2012,Summer,London,Athletics,Athletics Women's 4 x 100 metres Relay,Gold
118643,Lindsay Ann Tarpley (-Snow),F,20,165,58,United States,USA,2004,Summer,Athina,Football,Football Women's Football,Gold
118643,Lindsay Ann Tarpley (-Snow),F,24,165,58,United States,USA,2008,Summer,Beijing,Football,Football Women's Football,Gold
118724,Anastasiya Alekseyevna Tatareva,F,19,165,44,Russia,RUS,2016,Summer,Rio de Janeiro,Rhythmic Gymnastics,Rhythmic Gymnastics Women's Group,Gold
118778,Diana Lurena Taurasi,F,22,183,70,United States,USA,2004,Summer,Athina,Basketball,Basketball Women's Basketball,Gold
118844,Nurcan Taylan,F,20,151,48,Turkey,TUR,2004,Summer,Athina,Weightlifting,Weightlifting Women's Flyweight,Gold
119631,"Nafissatou ""Nafi"" Thiam",F,21,184,69,Belgium,BEL,2016,Summer,Rio de Janeiro,Athletics,Athletics Women's Heptathlon,Gold
119903,Elaine Thompson,F,24,167,57,Jamaica,JAM,2016,Summer,Rio de Janeiro,Athletics,Athletics Women's 100 metres,Gold
119903,Elaine Thompson,F,24,167,57,Jamaica,JAM,2016,Summer,Rio de Janeiro,Athletics,Athletics Women's 200 metres,Gold
120025,Pawina Thongsuk,F,25,156,68,Thailand,THA,2004,Summer,Athina,Weightlifting,Weightlifting Women's Heavyweight,Gold
120121,"Virginia ""Ginny"" Thrasher",F,19,155,55,United States,USA,2016,Summer,Rio de Janeiro,Shooting,"Shooting Women's Air Rifle, 10 metres",Gold
120215,Tian Qing,F,25,168,63,China-1,CHN,2012,Summer,London,Badminton,Badminton Women's Doubles,Gold
120369,Anzhelika Igorevna Timanina,F,23,176,58,Russia,RUS,2012,Summer,London,Synchronized Swimming,Synchronized Swimming Women's Team,Gold
120817,Mariya Yuryevna Tolkachova,F,18,176,53,Russia,RUS,2016,Summer,Rio de Janeiro,Rhythmic Gymnastics,Rhythmic Gymnastics Women's Group,Gold
121023,Emma Kate Tonegato,F,21,165,63,Australia,AUS,2016,Summer,Rio de Janeiro,Rugby Sevens,Rugby Sevens Women's Rugby Sevens,Gold
121108,Gelena Dmitriyevna Topilina,F,22,175,56,Russia,RUS,2016,Summer,Rio de Janeiro,Synchronized Swimming,Synchronized Swimming Women's Team,Gold
121203,Sofia Toro Prieto-Puga,F,21,159,68,Spain,ESP,2012,Summer,London,Sailing,Sailing Women's Three Person Keelboat,Gold
121345,Eri Tosaka,F,22,152,48,Japan,JPN,2016,Summer,Rio de Janeiro,Wrestling,"Wrestling Women's Flyweight, Freestyle",Gold
121471,Josephine Maria Touray,F,24,165,57,Denmark,DEN,2004,Summer,Athina,Handball,Handball Women's Handball,Gold
122071,Laura Rebecca Trott (-Kenny),F,20,164,56,Great Britain,GBR,2012,Summer,London,Cycling,Cycling Women's Team Pursuit,Gold
122071,Laura Rebecca Trott (-Kenny),F,20,164,56,Great Britain,GBR,2012,Summer,London,Cycling,Cycling Women's Omnium,Gold
122071,Laura Rebecca Trott (-Kenny),F,24,164,56,Great Britain,GBR,2016,Summer,Rio de Janeiro,Cycling,Cycling Women's Team Pursuit,Gold
122071,Laura Rebecca Trott (-Kenny),F,24,164,56,Great Britain,GBR,2016,Summer,Rio de Janeiro,Cycling,Cycling Women's Omnium,Gold
122077,"De'Hashia Tonnek ""DeeDee"" Trotter",F,21,178,64,United States,USA,2004,Summer,Athina,Athletics,Athletics Women's 4 x 400 metres Relay,Gold
122097,Tina Trstenjak,F,25,162,65,Slovenia,SLO,2016,Summer,Rio de Janeiro,Judo,Judo Women's Half-Middleweight,Gold
122361,Athanasia Tsoumeleka,F,22,158,47,Greece,GRE,2004,Summer,Athina,Athletics,Athletics Women's 20 kilometres Walk,Gold
122634,Anna Tunnicliffe (-Funk),F,25,168,66,United States,USA,2008,Summer,Beijing,Sailing,Sailing Women's One Person Dinghy,Gold
122919,"Georgina Sophie ""Georgie"" Twigg",F,25,170,62,Great Britain,GBR,2016,Summer,Rio de Janeiro,Hockey,Hockey Women's Hockey,Gold
123132,Masae Ueno,F,25,160,70,Japan,JPN,2004,Summer,Athina,Judo,Judo Women's Middleweight,Gold
124153,Naomi Frances van As,F,25,179,63,Netherlands,NED,2008,Summer,Beijing,Hockey,Hockey Women's Hockey,Gold
124598,Margot van Geffen,F,22,172,63,Netherlands,NED,2012,Summer,London,Hockey,Hockey Women's Hockey,Gold
124771,Caia Jaqueline van Maasakker,F,23,180,69,Netherlands,NED,2012,Summer,London,Hockey,Hockey Women's Hockey,Gold
124773,Kitty van Male,F,24,170,63,Netherlands,NED,2012,Summer,London,Hockey,Hockey Women's Hockey,Gold
124886,Sharon van Rouwendaal,F,22,173,65,Netherlands,NED,2016,Summer,Rio de Janeiro,Swimming,Swimming Women's 10 kilometres Open Water,Gold
127043,Kristina Vogel,F,21,160,66,Germany,GER,2012,Summer,London,Cycling,Cycling Women's Team Sprint,Gold
127043,Kristina Vogel,F,25,160,66,Germany,GER,2016,Summer,Rio de Janeiro,Cycling,Cycling Women's Sprint,Gold
127216,Dana Whitney Vollmer (-Grant),F,16,185,68,United States,USA,2004,Summer,Athina,Swimming,Swimming Women's 4 x 200 metres Freestyle Relay,Gold
127216,Dana Whitney Vollmer (-Grant),F,24,185,68,United States,USA,2012,Summer,London,Swimming,Swimming Women's 4 x 200 metres Freestyle Relay,Gold
127216,Dana Whitney Vollmer (-Grant),F,24,185,68,United States,USA,2012,Summer,London,Swimming,Swimming Women's 100 metres Butterfly,Gold
127216,Dana Whitney Vollmer (-Grant),F,24,185,68,United States,USA,2012,Summer,London,Swimming,Swimming Women's 4 x 100 metres Medley Relay,Gold
127491,Nataliya Vitalyevna Vorobyova,F,21,174,69,Russia,RUS,2012,Summer,London,Wrestling,"Wrestling Women's Heavyweight, Freestyle",Gold
127534,Marianne Vos,F,21,169,59,Netherlands,NED,2008,Summer,Beijing,Cycling,Cycling Women's Points Race,Gold
127534,Marianne Vos,F,25,169,59,Netherlands,NED,2012,Summer,London,Cycling,"Cycling Women's Road Race, Individual",Gold
127739,Anna Viktorovna Vyakhireva,F,21,168,63,Russia,RUS,2016,Summer,Rio de Janeiro,Handball,Handball Women's Handball,Gold
127873,"Alyson Kay ""Aly"" Wagner (-Eyre)",F,24,165,59,United States,USA,2004,Summer,Athina,Football,Football Women's Football,Gold
128123,Melaine Antoinette Walker,F,25,165,53,Jamaica,JAM,2008,Summer,Beijing,Athletics,Athletics Women's 400 metres Hurdles,Gold
128303,Louisa Walter (-Keller),F,25,170,66,Germany,GER,2004,Summer,Athina,Hockey,Hockey Women's Hockey,Gold
128458,Wang Hao,F,19,156,50,China,CHN,2012,Summer,London,Diving,Diving Women's Synchronized Platform,Gold
128539,Wang Nan,F,25,166,60,China-1,CHN,2004,Summer,Athina,Table Tennis,Table Tennis Women's Doubles,Gold
128605,Wang Xin (Ruoxue-),F,15,137,28,China,CHN,2008,Summer,Beijing,Diving,Diving Women's Synchronized Platform,Gold
128853,Conny Wamuth,F,25,167,64,Germany,GER,2008,Summer,Beijing,Canoeing,"Canoeing Women's Kayak Fours, 500 metres",Gold
129089,Hollie Webb,F,25,165,65,Great Britain,GBR,2016,Summer,Rio de Janeiro,Hockey,Hockey Women's Hockey,Gold
129126,Franziska Weber,F,23,176,70,Germany,GER,2012,Summer,London,Canoeing,"Canoeing Women's Kayak Doubles, 500 metres",Gold
129476,Abbey Weitzeil,F,19,178,68,United States,USA,2016,Summer,Rio de Janeiro,Swimming,Swimming Women's 4 x 100 metres Medley Relay,Gold
129570,Miriam Welte,F,25,171,67,Germany,GER,2012,Summer,London,Cycling,Cycling Women's Team Sprint,Gold
129571,Lidewij Marsia Maria Welten,F,18,170,64,Netherlands,NED,2008,Summer,Beijing,Hockey,Hockey Women's Hockey,Gold
129571,Lidewij Marsia Maria Welten,F,22,170,64,Netherlands,NED,2012,Summer,London,Hockey,Hockey Women's Hockey,Gold
129898,Sanne Wevers,F,24,156,46,Netherlands,NED,2016,Summer,Rio de Janeiro,Gymnastics,Gymnastics Women's Balance Beam,Gold
130188,Jordyn Marie Wieber,F,17,157,52,United States,USA,2012,Summer,London,Gymnastics,Gymnastics Women's Team All-Around,Gold
130864,"Madison ""Madi"" Wilson",F,22,179,61,Australia,AUS,2016,Summer,Rio de Janeiro,Swimming,Swimming Women's 4 x 100 metres Freestyle Relay,Gold
130882,"Philippa Claire ""Pippa"" Wilson",F,22,171,63,Great Britain,GBR,2008,Summer,Beijing,Sailing,Sailing Women's Three Person Keelboat,Gold
131795,Wu Jingyu,F,21,167,51,China,CHN,2008,Summer,Beijing,Taekwondo,Taekwondo Women's Flyweight,Gold
131795,Wu Jingyu,F,25,167,51,China,CHN,2012,Summer,London,Taekwondo,Taekwondo Women's Flyweight,Gold
131805,Wu Minxia,F,18,167,52,China,CHN,2004,Summer,Athina,Diving,Diving Women's Synchronized Springboard,Gold
131805,Wu Minxia,F,22,167,52,China,CHN,2008,Summer,Beijing,Diving,Diving Women's Synchronized Springboard,Gold
132003,Xiang Yanmei,F,24,163,69,China,CHN,2016,Summer,Rio de Janeiro,Weightlifting,Weightlifting Women's Light-Heavyweight,Gold
132039,Xing Huina,F,20,168,48,China,CHN,2004,Summer,Athina,Athletics,"Athletics Women's 10,000 metres",Gold
132072,Xu Lijia,F,24,176,60,China,CHN,2012,Summer,London,Sailing,Sailing Women's One Person Dinghy,Gold
132246,Eri Yamada,F,24,165,58,Japan,JPN,2008,Summer,Beijing,Softball,Softball Women's Softball,Gold
132546,Yang Wei,F,25,172,63,China-1,CHN,2004,Summer,Athina,Badminton,Badminton Women's Doubles,Gold
132568,Yang Yilin,F,15,150,35,China,CHN,2008,Summer,Beijing,Gymnastics,Gymnastics Women's Team All-Around,Gold
132744,Ye Shiwen,F,16,173,64,China,CHN,2012,Summer,London,Swimming,Swimming Women's 200 metres Individual Medley,Gold
132744,Ye Shiwen,F,16,173,64,China,CHN,2012,Summer,London,Swimming,Swimming Women's 400 metres Individual Medley,Gold
132795,Yana Karapetovna Yegoryan,F,22,175,64,Russia,RUS,2016,Summer,Rio de Janeiro,Fencing,"Fencing Women's Sabre, Individual",Gold
132795,Yana Karapetovna Yegoryan,F,22,175,64,Russia,RUS,2016,Summer,Rio de Janeiro,Fencing,"Fencing Women's Sabre, Team",Gold
132884,Anastasiya Nikolayevna Yermakova,F,21,169,55,Russia,RUS,2004,Summer,Athina,Synchronized Swimming,Synchronized Swimming Women's Duet,Gold
132884,Anastasiya Nikolayevna Yermakova,F,21,169,55,Russia,RUS,2004,Summer,Athina,Synchronized Swimming,Synchronized Swimming Women's Team,Gold
132884,Anastasiya Nikolayevna Yermakova,F,25,169,55,Russia,RUS,2008,Summer,Beijing,Synchronized Swimming,Synchronized Swimming Women's Duet,Gold
132884,Anastasiya Nikolayevna Yermakova,F,25,169,55,Russia,RUS,2008,Summer,Beijing,Synchronized Swimming,Synchronized Swimming Women's Team,Gold
132957,Yi Siling,F,23,165,51,China,CHN,2012,Summer,London,Shooting,"Shooting Women's Air Rifle, 10 metres",Gold
133130,Saori Yoshida,F,21,157,55,Japan,JPN,2004,Summer,Athina,Wrestling,"Wrestling Women's Lightweight, Freestyle",Gold
133130,Saori Yoshida,F,25,157,55,Japan,JPN,2008,Summer,Beijing,Wrestling,"Wrestling Women's Lightweight, Freestyle",Gold
133381,Yu Yang,F,22,166,62,China-1,CHN,2008,Summer,Beijing,Badminton,Badminton Women's Doubles,Gold
133479,Yun Mi-Jin,F,21,167,55,South Korea,KOR,2004,Summer,Athina,Archery,Archery Women's Team,Gold
133483,Yun Ok-Hui,F,23,162,63,South Korea,KOR,2008,Summer,Beijing,Archery,Archery Women's Team,Gold
134478,Zhang Jiewen,F,23,176,70,China-1,CHN,2004,Summer,Athina,Badminton,Badminton Women's Doubles,Gold
134516,Zhang Mengxue,F,25,162,70,China,CHN,2016,Summer,Rio de Janeiro,Shooting,"Shooting Women's Air Pistol, 10 metres",Gold
134605,Zhang Yining,F,22,168,54,China,CHN,2004,Summer,Athina,Table Tennis,Table Tennis Women's Singles,Gold
134605,Zhang Yining,F,22,168,54,China-1,CHN,2004,Summer,Athina,Table Tennis,Table Tennis Women's Doubles,Gold
134659,Zhao Ruirui,F,22,196,70,China,CHN,2004,Summer,Athina,Volleyball,Volleyball Women's Volleyball,Gold
134683,Zhao Yunlei,F,25,173,60,China-1,CHN,2012,Summer,London,Badminton,Badminton Mixed Doubles,Gold
134683,Zhao Yunlei,F,25,173,60,China-1,CHN,2012,Summer,London,Badminton,Badminton Women's Doubles,Gold
134783,Zhong Tianshi,F,25,168,62,China,CHN,2016,Summer,Rio de Janeiro,Cycling,Cycling Women's Team Sprint,Gold
134833,Olha Bohdanivna Zhovnir,F,19,165,55,Ukraine,UKR,2008,Summer,Beijing,Fencing,"Fencing Women's Sabre, Team",Gold
135488,Nataliya Vladimirovna Zuyeva,F,19,176,62,Russia,RUS,2008,Summer,Beijing,Rhythmic Gymnastics,Rhythmic Gymnastics Women's Group,Gold
